Currency,Date,Closing,24h Open (USD),24h High (USD),24h Low (USD)
BTC,2018-03-01,10352.04625,10903.01875,11044.16125,10222.435
BTC,2018-03-02,11100.2925,10352.04625,11165.6575,10329.06
BTC,2018-03-03,11305.1225,11100.2925,11351.24,10784.22125
BTC,2018-03-04,11171.8175,11305.1225,11498.415,11127.895
BTC,2018-03-05,11558.475,11171.8175,11574.94125,11067.785
BTC,2018-03-06,11246.7475,11558.475,11660.2425,11182.55125
BTC,2018-03-07,10735.88625,11246.7475,11323.345,10584.95875
BTC,2018-03-08,9552.75875,10735.88625,10810.4775,9468.44625
BTC,2018-03-09,8980.19249,9552.75875,10101.28125,8897.02249
BTC,2018-03-10,9251.2925,8980.19249,9413.14625,8370.79625
BTC,2018-03-11,8680.6075,9251.2925,9505.25625,8474.54
BTC,2018-03-12,9433.47374,8680.6075,9730.08124,8588.22875
BTC,2018-03-13,9047.5125,9433.47374,9885.2225,8778.20624
BTC,2018-03-14,9260.70875,9047.5125,9474.6775,8860.875
BTC,2018-03-15,7895.98875,9260.70875,9260.70875,7760.53125
BTC,2018-03-16,8039.6025,7895.98875,8413.11125,7676.51875
BTC,2018-03-17,8206.555,8039.6025,8599.54,8035.64
BTC,2018-03-18,7667.99,8206.555,8342.135,7559.26375
BTC,2018-03-19,8189.49125,7667.99,8434.9275,7335.5725
BTC,2018-03-20,8597.3375,8189.49125,8702.465,8130.24
BTC,2018-03-21,9028.2975,8597.3375,9050.51625,8324.26125
BTC,2018-03-22,9023.7175,9028.2975,9159.90125,8765.57
BTC,2018-03-23,8411.6525,9023.7175,9045.44249,8347.285
BTC,2018-03-24,8881.98625,8411.6525,8970.66124,8296.32625
BTC,2018-03-25,8548.8125,8881.98625,9000.44375,8462.90375
BTC,2018-03-26,8429.33124,8548.8125,8660.48749,8370.48875
BTC,2018-03-27,7854.6375,8429.33124,8476.96875,7826.01375
BTC,2018-03-28,7863.255,7854.6375,8130.44875,7744.82125
BTC,2018-03-29,7866.36,7863.255,8096.01625,7814.895
BTC,2018-03-30,6861.325,7866.36,7868.8325,6686.85
BTC,2018-03-31,6970.36375,6861.325,7266.065,6593.73625
BTC,2018-04-01,6926.875,6970.36375,7213.50375,6796.82125
BTC,2018-04-02,6986.835,6926.875,7023.0875,6443.20125
BTC,2018-04-03,7182.12,6986.835,7194.8425,6854.62375
BTC,2018-04-04,7295.89,7182.12,7506.6775,7182.12
BTC,2018-04-05,6769.48375,7295.89,7385.70875,6583.85375
BTC,2018-04-06,6766.5925,6769.48375,6918.6975,6630.9025
BTC,2018-04-07,6854.92125,6766.5925,6892.49375,6513.1025
BTC,2018-04-08,6964.4325,6854.92125,7050.49625,6783.28625
BTC,2018-04-09,7125.53875,6964.4325,7159.98,6897.75
BTC,2018-04-10,6789.2675,7125.53875,7170.76,6616.57125
BTC,2018-04-11,6824.49375,6789.2675,6878.08375,6659.51
BTC,2018-04-12,6941.63875,6824.49375,6964.0825,6807.4375
BTC,2018-04-13,7823.55875,6941.63875,8055.20125,6766.37
BTC,2018-04-14,8040.88125,7823.55875,8218.70375,7767.79875
BTC,2018-04-15,8083.57375,8040.88125,8174.69875,7882.1425
BTC,2018-04-16,8160.4125,8083.57375,8407.7175,8060.46875
BTC,2018-04-17,8030.57,8160.4125,8162.8075,7909.14125
BTC,2018-04-18,7937.61,8030.57,8151.0975,7834.4
BTC,2018-04-19,8188.71875,7937.61,8253.88625,7886.1775
BTC,2018-04-20,8333.81374,8188.71875,8380.25124,8104.87875
BTC,2018-04-21,8866.67,8333.81374,8930.43,8221.25375
BTC,2018-04-22,8830.05875,8866.67,9021.07,8615.67625
BTC,2018-04-23,8868.16124,8830.05875,9009.82,8761.88375
BTC,2018-04-24,9191.82,8868.16124,9220.9675,8818.75875
BTC,2018-04-25,9373.3025,9191.82,9746.81749,9191.82
BTC,2018-04-26,8807.515,9373.3025,9514.41375,8662.285
BTC,2018-04-27,9153.64125,8807.515,9303.01874,8660.8675
BTC,2018-04-28,9144.38375,9153.64125,9372.38375,8873.65166
BTC,2018-04-29,9444.1425,9144.38375,9536.64,9085.22374
BTC,2018-04-30,9268.7175,9444.1425,9472.4975,9182.6775
BTC,2018-05-01,8949.87624,9268.7175,9344.89125,8883.5875
BTC,2018-05-02,9029.47875,8949.87624,9134.9525,8842.03249
BTC,2018-05-03,9228.8525,9029.47875,9262.32625,9025.18625
BTC,2018-05-04,9572.69875,9228.8525,9790.94249,9162.18625
BTC,2018-05-05,9817.5975,9572.69875,9855.62875,9572.69875
BTC,2018-05-06,9845.54375,9817.5975,9954.95375,9700.90625
BTC,2018-05-07,9326.76125,9845.54375,9869.65,9229.74875
BTC,2018-05-08,9424.99124,9326.76125,9454.91875,9188.65875
BTC,2018-05-09,9039.02875,9424.99124,9426.52,9003.135
BTC,2018-05-10,9327.04999,9039.02875,9360.41,8975.97374
BTC,2018-05-11,8920.25625,9327.04999,9383.295,8874.54
BTC,2018-05-12,8408.35875,8920.25625,9002.49,8350.12875
BTC,2018-05-13,8442.23875,8408.35875,8642.8025,8220.5175
BTC,2018-05-14,8398.86249,8442.23875,8758.58124,8343.305
BTC,2018-05-15,8711.38875,8398.86249,8878.945,8296.14125
BTC,2018-05-16,8159.25625,8711.38875,8835.5125,8110.32625
BTC,2018-05-17,8360.22875,8159.25625,8458.52625,8146.6825
BTC,2018-05-18,7996.82125,8360.22875,8373.22374,7931.42875
BTC,2018-05-19,8237.3425,7996.82125,8273.5375,7972.5875
BTC,2018-05-20,8250.395,8237.3425,8392.77125,8154.14625
BTC,2018-05-21,8493.13125,8250.395,8582.8025,8230.20999
BTC,2018-05-22,8324.025,8493.13125,8566.1375,8260.78125
BTC,2018-05-23,7951.51375,8324.025,8344.72374,7866.72875
BTC,2018-05-24,7614.96375,7951.51375,7951.8025,7442.241484
BTC,2018-05-25,7599.9525,7614.96375,7721.83125,7272.645
BTC,2018-05-26,7436.835,7599.9525,7651.105547,7335.300817
BTC,2018-05-27,7296.79625,7436.835,7617.84528,7226.65
BTC,2018-05-28,7383.2175,7296.79625,7431.44,7251.02
BTC,2018-05-29,7118.42375,7383.2175,7386.68,7043.282359
BTC,2018-05-30,7491.61125,7118.42375,7562.366729,7051.957839
BTC,2018-05-31,7363.27625,7491.61125,7541.095759,7282.183728
BTC,2018-06-01,7490.62125,7540.810522,7614.063908,7361.565
BTC,2018-06-02,7518.333329,7494.065482,7599.180474,7393.287588
BTC,2018-06-03,7630.403388,7516.612569,7696.542926,7450.698017
BTC,2018-06-04,7505.589277,7638.232021,7774.829285,7451.523947
BTC,2018-06-05,7624.187971,7505.589281,7671.307622,7361.002623
BTC,2018-06-12,6780.340803,6680.21686,6798.662936,6673.12368
BTC,2018-06-13,6321.655965,6870.410349,6907.50249,6154.350129
BTC,2018-06-15,6601.324158,6296.326859,6671.788652,6270.445304
BTC,2018-06-16,6397.44117,6632.446195,6642.518193,6396.940015
BTC,2018-06-17,6529.544015,6397.44117,6544.614891,6329.190046
BTC,2018-06-18,6482.868697,6491.968323,6555.9438,6431.089233
BTC,2018-06-19,6711.64967,6442.528523,6772.249183,6382.442661
BTC,2018-06-20,6731.710147,6706.626795,6808.166271,6669.843567
BTC,2018-06-21,6729.925937,6735.936984,6806.363426,6569.906701
BTC,2018-06-23,6099.445277,6729.498689,6729.900593,5987.768386
BTC,2018-06-24,6198.700824,6041.926012,6313.565038,6019.834015
BTC,2018-06-25,6142.39257,6198.040366,6257.116743,5796.492519
BTC,2018-06-26,6244.328455,6146.279887,6321.135782,6090.149999
BTC,2018-06-27,6148.422705,6237.509614,6267.872,6101.731205
BTC,2018-06-28,6140.1915,6153.025474,6160.893065,6004.181118
BTC,2018-06-29,5954.526582,6143.851708,6185.04441,5913.012632
BTC,2018-06-30,6189.309252,5952.988658,6226.676707,5809.869959
BTC,2018-07-01,6373.277854,6185.103664,6449.892081,6137.955883
BTC,2018-07-03,6629.749595,6373.184975,6682.757452,6269.923682
BTC,2018-07-04,6589.632793,6614.419253,6788.307492,6415.496256
BTC,2018-07-06,6538.682432,6590.003356,6699.790032,6460.276241
BTC,2018-07-07,6570.427592,6580.314622,6621.102558,6501.459277
BTC,2018-07-08,6744.988679,6570.427115,6800.015281,6570.405832
BTC,2018-07-09,6694.530851,6744.988679,6798.959786,6667.489981
BTC,2018-07-11,6360.446668,6694.530851,6701.549171,6271.592929
BTC,2018-07-13,6144.810118,6374.974582,6375.068356,6126.029743
BTC,2018-07-14,6254.678129,6254.799008,6323.038256,6182.083723
BTC,2018-07-16,6671.625919,6254.678129,6709.159824,6230.848947
BTC,2018-07-18,7315.55104,6727.456337,7379.234744,6658.408659
BTC,2018-07-19,7484.63967,7316.147712,7581.570739,7245.303111
BTC,2018-07-21,7357.445677,7484.639663,7697.005345,7281.406498
BTC,2018-07-22,7424.734238,7337.282091,7456.464384,7215.327022
BTC,2018-07-23,7411.200525,7424.503503,7571.740451,7341.523165
BTC,2018-07-24,7730.24748,7400.464661,7805.491249,7374.251359
BTC,2018-07-25,8325.801534,7730.248177,8359.319474,7695.982837
BTC,2018-07-26,8271.59792,8320.159947,8486.01168,8056.018565
BTC,2018-07-27,7925.247396,8269.532335,8313.126681,7914.600936
BTC,2018-07-28,8184.695535,7933.125251,8277.703662,7801.009443
BTC,2018-07-30,8166.38836,8184.696086,8292.515658,7862.074283
BTC,2018-08-01,7700.834129,8166.688399,8198.484617,7666.290884
BTC,2018-08-02,7588.58618,7732.347291,7751.87765,7440.241506
BTC,2018-08-03,7423.074378,7589.374917,7698.487139,7271.202487
BTC,2018-08-05,7396.041122,7423.075093,7501.316029,7359.236813
BTC,2018-08-06,7402.336634,7395.622456,7417.408688,7386.062077
BTC,2018-08-08,6748.441484,7402.336631,7412.287461,6678.28556
BTC,2018-08-09,6460.153155,6721.43509,6750.408312,6396.088336
BTC,2018-08-10,6482.973449,6460.153697,6483.498065,6455.990701
BTC,2018-08-11,6092.533104,6482.968724,6494.016385,6008.854855
BTC,2018-08-12,6338.738957,6101.856478,6473.271658,5982.215632
BTC,2018-08-13,6260.192995,6338.738903,6532.599017,6150.224816
BTC,2018-08-14,6123.447601,6256.844082,6285.55769,5884.779259
BTC,2018-08-15,6332.6069,6186.971207,6587.317958,6180.25542
BTC,2018-08-17,6273.88807,6332.6069,6467.86245,6210.161423
BTC,2018-08-18,6396.946369,6277.041776,6616.676752,6259.389957
BTC,2018-08-19,6516.668382,6391.086269,6539.964724,6302.207382
BTC,2018-08-20,6299.395333,6516.772572,6523.486097,6280.326328
BTC,2018-08-22,6355.881809,6252.328859,6882.835906,6240.901886
BTC,2018-08-23,6503.832362,6360.216985,6559.279489,6347.079538
BTC,2018-08-24,6675.360683,6525.526663,6711.493665,6456.798837
BTC,2018-08-25,6725.032327,6683.354502,6781.075889,6657.387532
BTC,2018-08-26,6689.822683,6725.032327,6776.896406,6570.729822
BTC,2018-08-28,7084.293617,6702.39195,7126.730535,6646.168014
BTC,2018-08-29,7059.231235,7079.540613,7133.646631,6923.645531
BTC,2018-08-31,7028.447312,7040.075012,7089.1748,6805.198514
BTC,2018-09-01,7198.058436,7028.447311,7273.526925,7002.341106
BTC,2018-09-02,7282.858514,7198.057948,7339.812044,7130.172251
BTC,2018-09-03,7260.251593,7282.231751,7335.455082,7198.264981
BTC,2018-09-04,7361.271864,7263.067297,7417.667037,7240.376738
BTC,2018-09-05,6913.115013,7359.974361,7399.538604,6860.772764
BTC,2018-09-07,6400.268706,6913.115013,6927.094091,6301.93633
BTC,2018-09-08,6181.744207,6400.3353,6479.20264,6120.293704
BTC,2018-09-09,6253.937201,6183.97778,6447.313782,6144.924046
BTC,2018-09-11,6275.083132,6253.935863,6379.81011,6226.244827
BTC,2018-09-12,6275.669588,6275.086286,6278.477001,6270.784163
BTC,2018-09-13,6283.1842,6275.667962,6284.247704,6270.935037
BTC,2018-09-15,6285.982466,6283.1845,6287.36465,6279.938808
BTC,2018-09-16,6281.409356,6284.486393,6286.252578,6277.600747
BTC,2018-09-18,6273.220083,6281.409355,6282.800877,6271.079572
BTC,2018-09-19,6282.610727,6273.220083,6291.6152,6265.094017
BTC,2018-09-21,6288.07017,6283.119124,6288.68645,6276.09445
BTC,2018-09-22,6317.699685,6288.070074,6327.366866,6286.82408
BTC,2018-09-23,6293.836421,6317.699923,6319.325727,6292.470693
BTC,2018-09-24,6289.621327,6293.836421,6294.346274,6287.252102
BTC,2018-09-25,6466.994564,6289.620676,6662.423134,6286.529049
BTC,2018-09-26,6391.385981,6466.994518,6480.688089,6331.802231
BTC,2018-09-27,6509.776621,6391.385985,6559.484428,6389.429599
BTC,2018-09-28,6698.416047,6509.777014,6737.943844,6435.757875
BTC,2018-09-29,6502.688151,6698.416756,6799.930721,6487.953569
BTC,2018-09-30,6576.61432,6502.686952,6633.760949,6468.403572
BTC,2018-10-01,6647.387947,6576.616083,6664.394229,6537.792079
BTC,2018-10-02,6603.754342,6647.387803,6659.79686,6510.647196
BTC,2018-10-03,6481.24577,6539.322738,6585.475311,6433.655985
BTC,2018-10-04,6594.935786,6506.454452,6642.005362,6501.934563
BTC,2018-10-06,6595.260326,6594.935786,6680.775154,6554.811033
BTC,2018-10-08,6662.8685,6595.260368,6696.495814,6547.187842
BTC,2018-10-09,6663.021071,6662.868499,6676.230859,6601.479356
BTC,2018-10-11,6619.495845,6663.020979,6663.020979,6546.963287
BTC,2018-10-12,6285.859203,6628.470053,6628.582997,6221.48545
BTC,2018-10-13,6309.198921,6285.506332,6350.784169,6207.718289
BTC,2018-10-14,6361.417016,6309.19844,6408.601641,6271.48444
BTC,2018-10-15,6721.587503,6341.380722,7586.524634,6306.184686
BTC,2018-10-17,6724.833078,6723.097511,6897.033441,6679.922098
BTC,2018-10-18,6374.648863,6724.833124,6802.158612,6335.173505
BTC,2018-10-20,6407.479085,6374.648863,6438.790347,6339.265011
BTC,2018-10-22,6412.530491,6406.390391,6472.834459,6398.003393
BTC,2018-10-23,6396.880154,6412.204305,6437.074557,6362.332866
BTC,2018-10-24,6407.667175,6405.565596,6460.249804,6352.138046
BTC,2018-10-25,6405.500726,6412.566041,6421.783207,6358.259247
BTC,2018-10-27,6392.179337,6405.336552,6448.028506,6370.195735
BTC,2018-10-28,6429.687141,6392.845687,6442.889414,6389.344445
BTC,2018-10-29,6266.189683,6430.150405,6439.457696,6211.560523
BTC,2018-10-30,6276.4645,6265.91015,6313.272457,6247.517585
BTC,2018-10-31,6321.713671,6276.734671,6394.783431,6207.057336
BTC,2018-11-01,6341.094813,6322.093628,6376.656227,6296.589337
BTC,2018-11-02,6360.141272,6340.400656,6409.156466,6336.649751
BTC,2018-11-03,6344.738943,6360.719812,6371.23797,6292.151812
BTC,2018-11-04,6405.139755,6344.738943,6473.778438,6318.627622
BTC,2018-11-05,6396.352124,6405.140331,6440.957228,6374.69889
BTC,2018-11-06,6425.917802,6404.377175,6449.998745,6377.542775
BTC,2018-11-07,6514.489453,6426.655222,6553.951932,6424.658626
BTC,2018-11-08,6412.524289,6518.336088,6530.733661,6400.936546
BTC,2018-11-09,6343.632504,6412.524,6433.253185,6309.652653
BTC,2018-11-10,6365.655232,6338.781895,6396.877364,6335.218051
BTC,2018-11-11,6327.480646,6360.005434,6380.813434,6292.721847
BTC,2018-11-12,6327.154696,6370.273273,6391.766568,6305.010271
BTC,2018-11-13,6282.438677,6327.154697,6331.487634,6245.238174
BTC,2018-11-14,5524.801093,6281.604411,6295.953866,5390.11663
BTC,2018-11-15,5511.152834,5524.764809,5692.068952,5244.694267
BTC,2018-11-16,5448.600634,5573.017153,5608.722588,5423.050404
BTC,2018-11-17,5497.411279,5513.42386,5564.028968,5466.50059
BTC,2018-11-18,5553.014895,5497.367784,5638.976973,5495.677822
BTC,2018-11-19,4800.342897,5553.014747,5610.149551,4708.864255
BTC,2018-11-20,4246.312774,4744.619841,4888.622712,4076.594717
BTC,2018-11-21,4478.299558,4364.741549,4631.902485,4250.165063
BTC,2018-11-22,4405.744031,4476.227244,4591.879115,4354.568649
BTC,2018-11-23,4329.91722,4405.744487,4405.744585,4119.999691
BTC,2018-11-24,3728.872648,4329.925425,4378.509892,3668.61397
BTC,2018-11-25,3951.205029,3788.289089,4101.999387,3447.576041
BTC,2018-11-26,3640.557165,3951.21152,4064.748217,3530.721646
BTC,2018-11-27,3792.192364,3640.937925,3830.820142,3559.324065
BTC,2018-11-28,4174.319972,3792.195994,4341.439922,3752.446179
BTC,2018-11-29,4218.608363,4220.323335,4400.462583,4082.319821
BTC,2018-11-30,3952.447895,4241.7447,4299.976374,3878.658101
BTC,2018-12-01,4178.603828,3953.521462,4251.369948,3904.394191
BTC,2018-12-02,4118.518242,4138.47706,4255.954021,4038.098584
BTC,2018-12-03,3847.032737,4092.851115,4104.858957,3755.326092
BTC,2018-12-04,3889.29212,3847.02046,4034.531558,3724.003343
BTC,2018-12-05,3713.573383,3889.292261,3913.531776,3675.541484
BTC,2018-12-06,3578.206624,3696.351467,3838.120977,3547.013939
BTC,2018-12-07,3391.874146,3578.207206,3621.501257,3201.762797
BTC,2018-12-08,3452.616185,3391.878176,3475.930178,3251.835797
BTC,2018-12-09,3507.306367,3452.588499,3642.41485,3374.366987
BTC,2018-12-10,3419.733768,3528.120201,3591.236734,3355.642553
BTC,2018-12-11,3360.946628,3409.162882,3428.100418,3294.037452
BTC,2018-12-12,3414.833749,3360.956191,3474.391356,3324.92518
BTC,2018-12-13,3263.547913,3427.049729,3435.142473,3233.263656
BTC,2018-12-14,3212.207081,3262.271683,3300.651394,3138.099494
BTC,2018-12-15,3194.962272,3212.207159,3227.86742,3122.342716
BTC,2018-12-16,3200.642468,3178.299355,3256.600326,3176.353015
BTC,2018-12-17,3478.461203,3199.176265,3579.814884,3181.701395
BTC,2018-12-18,3562.894946,3478.46099,3573.240335,3429.858731
BTC,2018-12-19,3709.316759,3664.658829,3929.098491,3642.828665
BTC,2018-12-20,4065.799953,3709.323532,4160.296726,3662.743439
BTC,2018-12-21,3824.739794,4065.773617,4164.550651,3774.323684
BTC,2018-12-22,3862.726329,3838.230387,3929.859591,3791.905375
BTC,2018-12-23,3949.794342,3862.726329,4052.230547,3862.722999
BTC,2018-12-24,4054.29626,3942.737776,4241.436134,3942.669448
BTC,2018-12-25,3767.350024,4030.003413,4045.572084,3677.043649
BTC,2018-12-26,3807.153022,3767.872104,3869.401164,3682.681845
BTC,2018-12-27,3587.198223,3809.295204,3842.311793,3571.152376
BTC,2018-12-28,3865.5293,3587.235351,3945.244649,3558.737717
BTC,2018-12-31,3689.56462,3689.972338,3690.306792,3689.47512
BTC,2019-01-01,3715.564441,3693.330067,3741.881855,3644.876282
BTC,2019-01-02,3882.304754,3715.564384,3900.709127,3711.274108
BTC,2019-01-03,3795.592741,3882.303622,3916.197684,3760.944042
BTC,2019-01-04,3812.381108,3781.020706,3844.986111,3725.739663
BTC,2019-01-05,3809.914343,3812.381119,3866.417432,3775.828878
BTC,2019-01-06,4014.133187,3797.034097,4063.945356,3758.516526
BTC,2019-01-07,3989.631741,4032.459166,4060.8648,3526.139278
BTC,2019-01-08,3992.986144,3989.631753,4096.383035,3947.035924
BTC,2019-01-09,3995.325193,3981.9383,4023.73449,3965.976346
BTC,2019-01-10,3617.346291,3995.325181,4025.528311,3570.07696
BTC,2019-01-11,3606.16489,3617.268962,3676.732346,3572.674979
BTC,2019-01-12,3611.528238,3609.129566,3644.344105,3564.627889
BTC,2019-01-13,3497.669392,3614.420848,3642.047723,3480.83289
BTC,2019-01-14,3654.347067,3497.669615,3696.069001,3488.718715
BTC,2019-01-15,3568.751259,3653.680318,3679.703656,3544.429551
BTC,2019-01-16,3593.72174,3568.682666,3662.918729,3567.148796
BTC,2019-01-17,3623.717337,3603.551637,3644.731298,3546.309687
BTC,2019-01-18,3605.855187,3623.7175,3641.961038,3578.425318
BTC,2019-01-19,3690.908564,3605.855117,3735.35654,3602.420476
BTC,2019-01-20,3544.221724,3680.284747,3701.454802,3490.703684
BTC,2019-01-21,3528.463529,3544.221816,3558.233818,3496.602642
BTC,2019-01-22,3581.551947,3528.463928,3605.741677,3444.686471
BTC,2019-01-23,3549.770799,3572.68895,3608.876902,3521.835474
BTC,2019-01-24,3562.920476,3555.861961,3591.593897,3530.547309
BTC,2019-01-25,3566.666164,3571.808887,3574.12437,3522.424187
BTC,2019-01-26,3563.27801,3566.666225,3648.499903,3541.170987
BTC,2019-01-27,3539.620947,3563.160202,3564.954936,3481.38447
BTC,2019-01-28,3425.262161,3530.20371,3541.417161,3374.463901
BTC,2019-01-29,3395.018645,3429.707749,3438.068371,3346.143188
BTC,2019-01-30,3441.032215,3395.224799,3460.23195,3371.688746
BTC,2019-01-31,3420.633227,3434.521847,3471.247461,3394.284634
BTC,2019-02-01,3439.805699,3412.722219,3454.414301,3375.731683
BTC,2019-02-02,3433.035285,3440.076847,3453.694339,3409.541106
BTC,2019-02-03,3404.499313,3433.044895,3487.571973,3386.579366
BTC,2019-02-04,3412.230431,3417.022943,3442.638096,3393.99421
BTC,2019-02-05,3419.767899,3412.230378,3433.689632,3398.955745
BTC,2019-02-06,3367.519032,3428.981335,3441.92046,3344.124422
BTC,2019-02-07,3360.534076,3365.529473,3380.783837,3349.75599
BTC,2019-02-08,3591.022152,3360.534447,3702.481571,3343.343493
BTC,2019-02-09,3617.46468,3621.627386,3638.49429,3590.289224
BTC,2019-02-10,3621.154003,3617.464502,3631.038219,3577.980093
BTC,2019-02-11,3593.183177,3621.173667,3653.116621,3579.428994
BTC,2019-02-12,3579.341881,3593.183267,3616.423243,3546.249433
BTC,2019-02-13,3569.554833,3589.224148,3625.790495,3556.898552
BTC,2019-02-14,3558.396858,3569.554837,3587.773513,3536.428098
BTC,2019-02-15,3566.247765,3555.19948,3617.520131,3542.412504
BTC,2019-02-16,3596.405191,3566.23715,3607.963504,3564.609675
BTC,2019-02-17,3606.151988,3596.388615,3662.620411,3558.757213
BTC,2019-02-18,3865.318165,3606.132961,3925.121367,3598.924256
BTC,2019-02-19,3904.48292,3869.834104,3975.889598,3842.300685
BTC,2019-02-20,3924.739844,3904.465644,3964.555496,3861.120342
BTC,2019-02-21,3889.758485,3924.739844,3979.057929,3870.950163
BTC,2019-02-22,3933.60759,3898.507867,3953.534813,3889.619696
BTC,2019-02-23,4105.112759,3933.606112,4146.011274,3912.744127
BTC,2019-02-24,3763.620516,4105.095188,4178.658614,3697.82002
BTC,2019-02-25,3819.865341,3763.622167,3852.370301,3729.685214
BTC,2019-02-26,3797.58179,3819.879316,3831.029065,3762.212195
BTC,2019-02-27,3772.936335,3796.637284,3824.165879,3666.524016
BTC,2019-02-28,3799.678543,3773.441461,3879.231185,3753.800022
BTC,2019-03-01,3811.611979,3799.367026,3840.044823,3788.918498
BTC,2019-03-02,3804.41917,3806.691513,3819.194356,3759.409216
BTC,2019-03-03,3782.664101,3807.845756,3818.695481,3766.242048
BTC,2019-03-04,3689.862893,3783.355063,3804.353616,3663.477743
BTC,2019-03-05,3832.080885,3701.049871,3866.718704,3688.697154
BTC,2019-03-06,3848.95637,3832.592429,3881.96577,3802.516054
BTC,2019-03-07,3859.839983,3848.956367,3890.745492,3827.670303
BTC,2019-03-08,3828.371904,3859.800616,3917.997566,3778.516481
BTC,2019-03-09,3898.86846,3841.887138,3948.88414,3832.144912
BTC,2019-03-10,3899.655869,3916.756192,3921.934211,3865.915781
BTC,2019-03-11,3851.24919,3899.459274,3913.45552,3819.928943
BTC,2019-03-12,3866.295946,3851.623882,3879.971604,3795.675857
BTC,2019-03-13,3846.274442,3866.295957,3873.719094,3823.808796
BTC,2019-03-14,3855.744363,3846.27445,3897.72571,3792.391914
BTC,2019-03-15,3892.052301,3855.744324,3908.278294,3843.448963
BTC,2019-03-16,3985.851236,3892.052229,4033.682777,3891.818369
BTC,2019-03-17,3970.389045,3989.536665,3992.605506,3931.58218
BTC,2019-03-18,3974.415764,3970.383597,4020.892414,3931.674029
BTC,2019-03-19,3996.037131,3970.281987,4020.007072,3949.892921
BTC,2019-03-20,4027.787395,3996.037055,4034.526497,3964.793637
BTC,2019-03-21,3974.811429,4026.588651,4053.538056,3904.836084
BTC,2019-03-22,3987.305225,3974.811248,4002.532316,3957.944316
BTC,2019-03-23,3977.707443,3977.276039,4006.984568,3961.802425
BTC,2019-03-24,3968.438701,3977.707443,3990.965292,3940.879744
BTC,2019-03-25,3913.781717,3972.696582,3982.232764,3903.29393
BTC,2019-03-26,3915.37532,3913.781742,3928.979427,3876.720858
BTC,2019-03-27,4018.59051,3925.865359,4030.357641,3914.577708
BTC,2019-03-28,4008.370872,4018.59051,4033.386524,3990.008616
BTC,2019-03-29,4080.260114,4008.37107,4100.149119,4006.619169
BTC,2019-03-30,4081.221605,4090.750409,4128.415102,4030.061257
BTC,2019-04-01,4094.704791,4081.221605,4104.536254,4073.245456
BTC,2019-04-02,4135.18494,4094.704791,4148.6618,4052.601676
BTC,2019-04-03,4818.770635,4135.182905,4961.780306,4132.55666
BTC,2019-04-04,5102.150753,4818.773504,5325.233877,4810.244974
BTC,2019-04-05,4875.599431,4966.90163,5071.589614,4787.707994
BTC,2019-04-06,5030.933271,4875.596147,5060.703203,4875.596147
BTC,2019-04-07,5028.321082,5032.791239,5229.957551,4934.263044
BTC,2019-04-08,5198.17317,5028.320269,5247.464931,5019.333332
BTC,2019-04-09,5260.205043,5192.929096,5343.247093,5088.678145
BTC,2019-04-10,5179.997649,5260.200329,5285.86342,5117.006185
BTC,2019-04-11,5283.543758,5179.996674,5450.989154,5170.615377
BTC,2019-04-12,5049.605824,5320.613514,5342.523902,4954.160915
BTC,2019-04-13,5077.515864,5042.402341,5098.606039,4894.73318
BTC,2019-04-14,5066.86704,5077.521133,5117.621045,5021.765035
BTC,2019-04-15,5158.387401,5066.87746,5167.43134,5014.165373
BTC,2019-04-16,5045.675166,5145.870366,5181.927,4957.68689
BTC,2019-04-17,5184.204468,5035.460733,5218.96154,5019.952949
BTC,2019-04-18,5220.959934,5184.20448,5253.861961,5167.683374
BTC,2019-04-19,5276.558982,5218.079843,5310.487045,5214.802942
BTC,2019-04-20,5266.661246,5279.181428,5345.759303,5212.188471
BTC,2019-04-21,5292.14833,5266.661261,5353.28683,5259.426827
BTC,2019-04-22,5276.558318,5292.148328,5330.917314,5195.633537
BTC,2019-04-23,5398.433417,5282.088267,5408.841963,5239.165296
BTC,2019-04-24,5552.521911,5398.433417,5622.481868,5359.25192
BTC,2019-04-25,5432.991017,5552.519471,5614.992209,5373.864707
BTC,2019-04-26,5132.227526,5432.991017,5505.131953,5055.192579
BTC,2019-04-27,5151.574528,5131.061691,5274.695485,5053.946309
BTC,2019-04-28,5200.193239,5151.574408,5218.815183,5088.298122
BTC,2019-04-29,5152.54574,5200.19306,5208.347656,5118.909133
BTC,2019-04-30,5151.4335,5156.543028,5192.025339,5083.842704
BTC,2019-05-01,5277.444469,5155.617283,5292.605385,5130.260198
BTC,2019-05-02,5297.942492,5277.44445,5351.359143,5259.844026
BTC,2019-05-03,5405.878067,5323.63927,5427.488394,5310.6701
BTC,2019-05-04,5697.679054,5405.878111,5791.211463,5378.208048
BTC,2019-05-05,5812.331779,5690.147527,5829.948913,5529.74824
BTC,2019-05-06,5713.035052,5787.598598,5787.645478,5634.72385
BTC,2019-05-07,5706.008421,5713.034966,5750.565609,5562.314727
BTC,2019-05-08,5899.529693,5687.259841,5956.150104,5687.253246
BTC,2019-05-09,5932.441391,5759.375057,5942.410892,5708.476326
BTC,2019-05-10,6159.685902,5932.446285,6159.685902,5845.650918
BTC,2019-05-11,6387.82945,6159.689544,6426.831207,6098.157976
BTC,2019-05-12,7254.805536,6347.706737,7337.322181,6346.331889
BTC,2019-05-13,6992.706661,7241.023653,7577.770675,6758.882084
BTC,2019-05-14,7906.940835,6992.705887,8148.561088,6860.28668
BTC,2019-05-15,7928.417416,7906.946425,8353.869652,7642.403561
BTC,2019-05-16,8177.453519,7989.127708,8260.95311,7844.980238
BTC,2019-05-17,7820.076243,8177.453574,8360.300191,7683.665283
BTC,2019-05-18,7243.650539,7820.076541,7935.97477,6900.829403
BTC,2019-05-19,7295.649729,7361.257633,7490.7942,7218.260668
BTC,2019-05-20,8221.259395,7285.421427,8242.357508,7267.210918
BTC,2019-05-21,7917.012499,8221.265473,8296.545603,7581.108489
BTC,2019-05-22,7961.128743,7984.511103,8092.679154,7811.277222
BTC,2019-05-23,7723.90388,7961.51988,8018.754546,7511.113924
BTC,2019-05-24,7903.84691,7723.894267,7973.230631,7478.095035
BTC,2019-05-25,8038.506791,7871.375871,8171.800838,7792.433814
BTC,2019-05-26,8089.570163,7990.919816,8130.577634,7935.743891
BTC,2019-05-27,8653.142368,8090.046526,8780.78203,7889.070676
BTC,2019-05-28,8800.346606,8653.151802,8937.246491,8621.572192
BTC,2019-05-29,8719.331485,8776.565788,8819.666297,8555.590834
BTC,2019-05-30,8672.400107,8721.347641,8756.242443,8430.12989
BTC,2019-05-31,8287.040256,8665.839657,9084.149997,8025.586476
BTC,2019-06-01,8513.203882,8285.496394,8544.643225,8120.089479
BTC,2019-06-02,8588.479505,8514.395927,8622.729981,8455.86041
BTC,2019-06-03,8744.265561,8589.169642,8830.182154,8523.242741
BTC,2019-06-04,8474.048229,8744.109224,8765.743462,8342.317687
BTC,2019-06-05,7645.572514,8108.159569,8108.159569,7453.269352
BTC,2019-06-06,7790.321135,7644.798758,7922.561139,7586.361621
BTC,2019-06-07,7730.881726,7794.195924,7920.527049,7459.129076
BTC,2019-06-08,8030.256079,7730.185918,8134.16682,7723.539678
BTC,2019-06-09,7949.425799,8030.233856,8074.593539,7790.899834
BTC,2019-06-10,7600.922492,7930.892273,7964.024535,7525.592609
BTC,2019-06-11,7954.006238,7600.922505,8064.900135,7530.5341
BTC,2019-06-12,7903.62525,8014.230919,8048.222661,7714.610306
BTC,2019-06-13,8151.78868,7903.614632,8249.416067,7824.114084
BTC,2019-06-14,8256.720099,8166.668236,8330.664352,8052.154225
BTC,2019-06-15,8667.787954,8257.277693,8694.022966,8172.400277
BTC,2019-06-16,8836.168413,8698.144537,8897.996023,8622.471735
BTC,2019-06-17,9061.540461,8836.249652,9381.819714,8800.995665
BTC,2019-06-18,9346.975087,9061.593525,9409.342462,8969.770913
BTC,2019-06-19,9012.48785,9337.754059,9357.773256,8943.097105
BTC,2019-06-20,9259.123638,9011.469676,9285.416716,8967.581715
BTC,2019-06-21,9559.900689,9260.682723,9599.915335,9198.775257
BTC,2019-06-22,9906.407965,9559.900659,9941.527077,9521.832102
BTC,2019-06-23,10461.41217,10206.49034,11190.5678,10058.41627
BTC,2019-06-24,10843.57097,10461.39042,11307.69355,10460.99889
BTC,2019-06-25,10996.45975,10843.60177,11104.10052,10539.81244
BTC,2019-06-26,11665.40968,10996.45328,11704.6219,10951.02502
BTC,2019-06-27,12444.92586,11668.66586,13879.23771,11625.88109
BTC,2019-06-28,11086.26883,12444.92234,13328.58031,10314.75387
BTC,2019-06-29,12316.95301,11086.23572,12402.04351,10789.98414
BTC,2019-06-30,12024.08097,12360.1871,12381.0417,11368.2745
BTC,2019-07-01,10932.31051,12024.09452,12187.3067,10837.56007
BTC,2019-07-02,10454.68382,10932.30749,11196.99575,9986.256849
BTC,2019-07-03,10800.13014,10454.71189,10933.815,9676.5904
BTC,2019-07-04,11942.24022,10778.91006,11967.65444,10691.66944
BTC,2019-07-05,11645.52461,11942.24132,12044.07955,11488.83066
BTC,2019-07-06,10946.20905,11138.77103,11440.85573,10771.35484
BTC,2019-07-07,11219.046,10946.20856,11735.57094,10834.77587
BTC,2019-07-08,11422.11447,11219.04951,11593.11777,11101.91516
BTC,2019-07-09,12335.99939,11422.14116,12354.46303,11335.16395
BTC,2019-07-10,12575.90407,12335.99155,12815.67904,12127.71218
BTC,2019-07-11,12054.18379,12585.24197,13175.68774,11566.89839
BTC,2019-07-12,11324.1447,12054.18281,12188.17784,11011.04112
BTC,2019-07-13,11802.95996,11324.20183,11919.92206,11100.08851
BTC,2019-07-14,11279.60274,11796.77215,11830.80837,10826.03516
BTC,2019-07-15,10506.39583,11402.96731,11463.24252,10316.74949
BTC,2019-07-16,10934.48274,10506.34821,10954.82405,9872.027243
BTC,2019-07-17,9490.410516,10934.47264,11075.35282,9404.352196
BTC,2019-07-18,9733.132134,9490.438127,9972.24511,9085.489499
BTC,2019-07-19,10603.34887,9693.486511,10740.9887,9282.643
BTC,2019-07-20,10466.26094,10603.34315,10797.63846,10133.09431
BTC,2019-07-21,10983.216,10533.96325,11035.42593,10368.80107
BTC,2019-07-22,10551.13163,11004.39657,11096.77442,10314.26618
BTC,2019-07-23,10285.63923,10551.12785,10685.24817,10071.52249
BTC,2019-07-24,10027.53261,10285.63482,10338.63884,9882.631832
BTC,2019-07-25,9771.504761,9867.265028,9916.47758,9510.623987
BTC,2019-07-26,9897.429352,9771.504819,10184.44037,9738.089085
BTC,2019-07-27,9812.226351,9897.413446,9924.602563,9643.881829
BTC,2019-07-28,9440.140037,9812.206638,10193.53397,9306.103532
BTC,2019-07-29,9495.855261,9459.674242,9603.319275,9134.399352
BTC,2019-07-30,9506.704273,9528.693443,9717.514278,9373.369428
BTC,2019-07-31,9572.735372,9506.698028,9719.981661,9387.22372
BTC,2019-08-01,10005.29447,9572.738464,10132.40473,9572.738439
BTC,2019-08-02,10385.20061,10005.28929,10474.78174,9884.737728
BTC,2019-08-03,10513.91147,10385.21297,10663.61879,10329.19692
BTC,2019-08-04,10831.25986,10513.91475,10909.25592,10498.94443
BTC,2019-08-05,10985.80754,10831.2503,11051.98579,10573.7773
BTC,2019-08-06,11811.78705,10985.83088,11940.48387,10939.56908
BTC,2019-08-07,11310.18722,11811.80356,12314.10766,11219.40378
BTC,2019-08-08,11956.04722,11310.22164,12129.40974,11283.67611
BTC,2019-08-09,11817.45548,11956.02281,12032.04653,11502.52799
BTC,2019-08-10,11827.57457,11972.59295,12027.25991,11654.66325
BTC,2019-08-11,11278.28125,11827.57457,11967.87796,11227.62221
BTC,2019-08-12,11485.36578,11279.87554,11545.10453,11101.01485
BTC,2019-08-13,11391.96865,11485.36408,11583.8907,11227.44066
BTC,2019-08-14,10869.37911,11391.96383,11434.88853,10746.75595
BTC,2019-08-15,10211.49858,10851.20047,10860.82397,10047.99513
BTC,2019-08-16,10386.53955,10211.50951,10444.07996,9682.711422
BTC,2019-08-17,10388.45059,10307.25976,10530.36531,9726.97815
BTC,2019-08-18,10212.10144,10388.45804,10463.91871,9994.108246
BTC,2019-08-19,10335.37284,10211.67093,10462.74951,10082.26549
BTC,2019-08-20,10774.81031,10335.37448,10812.79708,10264.45646
BTC,2019-08-21,10818.50701,10774.82421,10943.87041,10531.48856
BTC,2019-08-22,10064.91679,10818.52263,10818.58913,9864.136684
BTC,2019-08-23,10161.16475,10064.93106,10229.01701,9762.052413
BTC,2019-08-24,10364.28135,10103.4429,10450.29234,10034.08645
BTC,2019-08-25,10171.49746,10392.61634,10408.96385,9901.486012
BTC,2019-08-26,10068.92242,10171.49019,10292.84102,9911.50882
BTC,2019-08-27,10312.21504,10138.57086,10624.60517,10136.07172
BTC,2019-08-28,10122.19653,10312.19686,10402.29749,10042.87929
BTC,2019-08-29,9743.162051,10169.14274,10279.25422,9600.835039
BTC,2019-08-30,9487.976434,9743.15873,9747.119828,9325.394154
BTC,2019-08-31,9590.736337,9487.960049,9682.725536,9343.706051
BTC,2019-09-01,9624.983911,9580.761352,9699.864379,9406.444484
BTC,2019-09-02,9780.667897,9624.979967,9819.158622,9552.150794
BTC,2019-09-03,10381.85596,9781.864338,10440.22046,9738.247573
BTC,2019-09-04,10691.3113,10366.37382,10752.42149,10290.49442
BTC,2019-09-05,10555.0469,10691.31852,10810.01817,10185.25791
BTC,2019-09-06,10576.31789,10555.0624,10643.94607,10463.81329
BTC,2019-09-07,10334.02389,10576.32519,10928.34381,10201.60832
BTC,2019-09-08,10495.22736,10333.99906,10563.71089,10288.75316
BTC,2019-09-09,10402.79653,10485.40972,10595.19556,10244.58258
BTC,2019-09-10,10332.94219,10402.76795,10524.38695,10097.98038
BTC,2019-09-11,10082.94683,10332.93727,10380.30659,9956.122723
BTC,2019-09-12,10152.75298,10107.49504,10269.03039,9891.803301
BTC,2019-09-13,10396.7672,10152.76062,10459.92661,10055.26449
BTC,2019-09-14,10299.47696,10396.76226,10447.38863,10167.99105
BTC,2019-09-15,10351.23202,10299.49457,10425.91182,10229.45418
BTC,2019-09-16,10302.19071,10361.08564,10381.56459,10267.86546
BTC,2019-09-17,10301.65965,10306.1484,10373.06351,10093.14028
BTC,2019-09-18,10231.42151,10301.66126,10304.62364,10145.34576
BTC,2019-09-19,10168.28771,10231.41302,10263.82338,10094.32501
BTC,2019-09-20,10223.50558,10166.77877,10286.01075,9687.29416
BTC,2019-09-21,10138.33521,10223.50709,10289.21566,10065.62894
BTC,2019-09-22,9984.520516,10138.35756,10179.74247,9908.572815
BTC,2019-09-23,10031.86671,9984.518857,10083.09813,9850.753085
BTC,2019-09-24,9719.718696,10031.86687,10062.91987,9630.695768
BTC,2019-09-25,8688.973526,9719.704257,9770.161484,7944.334498
BTC,2019-09-26,8438.708552,8528.464788,8741.509561,8230.466526
BTC,2019-09-27,8103.2109,8438.716459,8462.412486,7757.276118
BTC,2019-09-28,8195.210697,8103.901572,8286.743263,7869.55317
BTC,2019-09-29,8146.414032,8183.316058,8321.160587,7723.691419
BTC,2019-09-30,8085.71329,8146.422964,8228.641494,7905.017736
BTC,2019-10-01,8241.34147,8055.694139,8331.291686,7728.678427
BTC,2019-10-02,8333.68919,8298.624775,8508.705409,8195.045244
BTC,2019-10-03,8273.464018,8333.710296,8388.015862,8177.694601
BTC,2019-10-04,8203.843833,8273.457419,8412.650047,8060.325317
BTC,2019-10-05,8163.902638,8231.786249,8240.948769,8014.419323
BTC,2019-10-06,8137.146689,8163.901441,8196.249514,8025.500462
BTC,2019-10-07,7853.693305,8138.833489,8171.568254,7802.464851
BTC,2019-10-08,8236.208379,7850.684576,8304.140139,7777.631571
BTC,2019-10-09,8201.637818,8236.205875,8316.990673,8113.111805
BTC,2019-10-10,8572.380812,8173.838803,8691.072691,8117.91224
BTC,2019-10-11,8582.144518,8572.382301,8654.382776,8435.18651
BTC,2019-10-12,8320.171581,8582.148123,8796.457282,8288.227631
BTC,2019-10-13,8328.60426,8320.168154,8406.142415,8225.301457
BTC,2019-10-14,8282.177326,8309.172913,8468.97364,8167.264904
BTC,2019-10-15,8337.818999,8282.181596,8385.55341,8214.318868
BTC,2019-10-17,8003.820395,8166.344773,8184.386436,7918.275881
BTC,2019-10-18,8058.058081,8003.819261,8120.121106,7937.852166
BTC,2019-10-19,7970.239476,8058.058875,8121.045885,7820.066343
BTC,2019-10-20,7943.347107,7956.890802,8095.903392,7882.646968
BTC,2019-10-21,8200.318763,7943.352412,8306.004901,7884.518625
BTC,2019-10-22,8200.246099,8233.799468,8346.556497,8152.237887
BTC,2019-10-23,8073.409544,8200.244382,8309.665328,8054.948065
BTC,2019-10-24,7420.415836,8027.293815,8054.994888,7307.391946
BTC,2019-10-25,7460.617416,7420.414034,7503.599764,7347.630865
BTC,2019-10-26,8591.223897,7421.571805,8762.680498,7393.261413
BTC,2019-10-27,9578.367556,8591.236577,10332.40951,8591.225768
BTC,2019-10-28,9458.22336,9578.364387,9930.974021,9272.656652
BTC,2019-10-29,9455.724693,9228.074502,9551.778726,9125.778457
BTC,2019-10-30,9225.995479,9455.728198,9468.963245,9004.132304
BTC,2019-10-31,9131.41063,9225.997769,9425.44994,8954.89964
BTC,2019-11-01,9197.632345,9131.417153,9291.117644,9047.176594
BTC,2019-11-02,9290.896602,9230.478858,9377.084522,9197.833142
BTC,2019-11-03,9202.415451,9290.899794,9362.633137,9074.382879
BTC,2019-11-04,9369.628081,9203.826007,9526.165195,9125.861531
BTC,2019-11-05,9326.599624,9404.38087,9466.070961,9173.044686
BTC,2019-11-06,9335.752402,9326.592531,9439.215735,9254.732115
BTC,2019-11-07,9226.485821,9331.215796,9364.590814,9088.107628
BTC,2019-11-08,8794.358645,9205.618606,9247.614352,8666.389614
BTC,2019-11-09,8798.042055,8794.36261,8881.909087,8719.961753
BTC,2019-11-10,9081.186878,8798.036067,9123.338511,8742.737626
BTC,2019-11-11,8711.534339,9081.177733,9096.026278,8613.892395
BTC,2019-11-12,8760.892718,8711.536153,8856.381556,8564.937933
BTC,2019-11-13,8749.520591,8760.888546,8837.921252,8703.63545
BTC,2019-11-14,8656.970922,8758.546642,8785.054199,8562.374593
BTC,2019-11-15,8500.643558,8656.971858,8763.903472,8359.849192
BTC,2019-11-16,8469.260899,8500.643936,8539.132174,8423.543205
BTC,2019-11-17,8537.339652,8469.261015,8624.956305,8369.224963
BTC,2019-11-18,8205.806366,8500.644603,8500.646489,8035.885907
BTC,2019-11-19,8118.488536,8205.810043,8205.810043,7988.922628
BTC,2019-11-20,8074.843174,8119.484444,8215.619589,8029.097727
BTC,2019-11-21,7612.740574,8074.840561,8118.113996,7420.281322
BTC,2019-11-22,7262.110535,7618.579413,7717.802088,6804.143065
BTC,2019-11-23,7303.405759,7262.127934,7354.862635,7094.975791
BTC,2019-11-24,7041.732936,7303.414265,7338.698677,6920.631497
BTC,2019-11-25,7211.861809,6894.651354,7368.147389,6524.552859
BTC,2019-11-26,7141.069449,7211.870983,7336.30101,7012.057702
BTC,2019-11-27,7523.480673,7141.075509,7660.64037,6851.62293
BTC,2019-11-28,7390.207469,7523.472887,7647.518089,7379.309918
BTC,2019-11-29,7729.265939,7390.210656,7856.607906,7378.405543
BTC,2019-11-30,7542.235609,7748.335487,7805.029322,7439.098867
BTC,2019-12-01,7381.963008,7542.245344,7564.940079,7238.322233
BTC,2019-12-02,7333.43293,7381.962005,7440.615736,7162.492125
BTC,2019-12-03,7315.367765,7315.439203,7407.410775,7238.730592
BTC,2019-12-04,7213.733762,7315.369274,7767.908725,7089.141289
BTC,2019-12-05,7398.78705,7213.743416,7488.137772,7155.119946
BTC,2019-12-06,7511.880583,7392.910937,7583.387456,7304.070441
BTC,2019-12-07,7532.123513,7511.884605,7619.666018,7475.015594
BTC,2019-12-08,7550.2392,7532.123513,7573.156018,7387.154016
BTC,2019-12-09,7333.096043,7550.238815,7652.742606,7285.227768
BTC,2019-12-10,7239.762575,7333.095889,7394.504676,7161.527291
BTC,2019-12-11,7198.066677,7240.078227,7269.474391,7131.644054
BTC,2019-12-12,7190.272369,7203.956606,7282.336143,7081.880221
BTC,2019-12-13,7238.874323,7188.071895,7297.588894,7183.201754
BTC,2019-12-14,7087.024985,7238.993089,7271.571184,7007.426923
BTC,2019-12-15,7112.731476,7087.024958,7198.32384,7007.558814
BTC,2019-12-16,6883.496394,7112.504977,7139.580243,6828.479448
BTC,2019-12-17,6584.028843,6884.661554,6933.741179,6565.009645
BTC,2019-12-18,7424.0154,6584.030424,7424.06403,6427.959386
BTC,2019-12-19,7147.568324,7285.122044,7367.158856,7043.162249
BTC,2019-12-20,7139.933371,7147.569001,7177.392151,7076.11104
BTC,2019-12-21,7286.335081,7155.213175,7328.930813,7122.024233
BTC,2019-12-22,7236.986205,7286.33631,7356.640519,7083.734726
BTC,2019-12-23,7166.172379,7236.986086,7498.797304,7127.936255
BTC,2019-12-24,7235.62665,7166.173045,7292.006736,7045.122915
BTC,2019-12-25,7212.809395,7235.623582,7277.804111,7120.21395
BTC,2019-12-26,7183.706536,7212.808361,7427.47228,7105.723864
BTC,2019-12-27,7227.293712,7183.706083,7251.381246,7065.278308
BTC,2019-12-28,7311.560644,7227.294388,7348.789794,7217.079597
BTC,2019-12-29,7385.464848,7315.151548,7520.637034,7272.593791
BTC,2019-12-30,7251.276794,7379.157881,7396.603322,7202.130766
BTC,2019-12-31,7179.957819,7251.277888,7298.892042,7119.626946
BTC,2020-01-01,7174.744012,7179.957689,7237.014866,7152.992402
BTC,2020-01-02,6955.48758,7174.712357,7190.188749,6914.857474
BTC,2020-01-03,7291.219505,6955.48758,7390.041835,6852.093401
BTC,2020-01-04,7337.63667,7291.217504,7390.762935,7263.178696
BTC,2020-01-05,7347.433264,7337.421391,7487.333871,7316.76337
BTC,2020-01-06,7713.860754,7351.57889,7749.648613,7339.702523
BTC,2020-01-07,8039.603701,7714.908484,8192.158877,7708.885351
BTC,2020-01-08,8067.606369,8046.802943,8463.183418,7871.035499
BTC,2020-01-09,7808.701364,8046.111529,8046.283882,7755.401227
BTC,2020-01-10,8087.452885,7808.703733,8136.499126,7670.457792
BTC,2020-01-11,8078.993532,8195.475999,8278.66058,8008.905117
BTC,2020-01-12,8149.313717,8080.229614,8188.385802,7959.533522
BTC,2020-01-13,8116.961008,8150.807336,8191.187715,8035.31553
BTC,2020-01-14,8735.142439,8110.511235,8848.921995,8108.954039
BTC,2020-01-15,8843.675732,8735.148417,8897.643793,8558.744377
BTC,2020-01-16,8711.637578,8825.385428,8855.530135,8587.518351
BTC,2020-01-17,8925.299028,8711.637311,9009.5337,8665.011538
BTC,2020-01-18,8939.8643,8925.303486,8971.890632,8803.094435
BTC,2020-01-19,8638.18144,8939.879994,9181.972791,8455.129028
BTC,2020-01-20,8652.683763,8638.182713,8739.353819,8502.570319
BTC,2020-01-21,8708.786013,8652.682469,8783.7501,8486.340457
BTC,2020-01-22,8635.074357,8708.835222,8797.773614,8575.103286
BTC,2020-01-23,8384.088777,8635.074108,8665.272406,8277.809127
BTC,2020-01-24,8451.232296,8381.599774,8512.454207,8220.867389
BTC,2020-01-25,8347.567505,8451.232129,8458.283993,8256.043067
BTC,2020-01-26,8562.30747,8347.569951,8597.904143,8282.358307
BTC,2020-01-27,8881.962391,8562.307388,8982.03544,8554.125634
BTC,2020-01-28,9131.114988,8877.733617,9176.388648,8874.284819
BTC,2020-01-29,9320.978406,9131.114653,9432.677487,9104.824063
BTC,2020-01-30,9545.077957,9288.522646,9633.251035,9185.18134
BTC,2020-01-31,9388.880752,9548.545376,9558.432613,9198.659041
BTC,2020-02-01,9363.193383,9388.87907,9451.06458,9284.410559
BTC,2020-02-02,9385.260386,9375.226831,9465.487907,9150.534573
BTC,2020-02-03,9269.707035,9385.259769,9603.105582,9222.946494
BTC,2020-02-04,9177.894637,9286.207776,9349.247058,9072.588214
BTC,2020-02-05,9625.456637,9177.895794,9745.171377,9147.652281
BTC,2020-02-06,9681.377411,9600.403585,9856.447773,9527.151669
BTC,2020-02-07,9795.344066,9681.3777,9872.616069,9653.132962
BTC,2020-02-08,9927.778256,9795.343586,9939.671501,9660.309157
BTC,2020-02-09,10132.7065,9900.684635,10175.90701,9888.154765
BTC,2020-02-10,9838.900016,10132.70648,10197.19928,9752.195757
BTC,2020-02-11,10236.63515,9851.644254,10351.45593,9711.360915
BTC,2020-02-12,10364.92629,10236.79326,10489.77986,10218.52286
BTC,2020-02-13,10218.09974,10364.23238,10516.91793,10097.76169
BTC,2020-02-14,10367.528,10234.4677,10598.03016,10108.15916
BTC,2020-02-15,9926.353691,10367.52748,10397.53648,9810.928072
BTC,2020-02-16,9876.234963,9926.353455,10052.35462,9642.465032
BTC,2020-02-17,9636.624095,9933.901933,9966.095384,9468.292698
BTC,2020-02-18,10189.99598,9636.624345,10272.79482,9615.263421
BTC,2020-02-19,9701.037191,10190.00776,10290.30426,9365.7803
BTC,2020-02-20,9631.484946,9608.93197,9704.692625,9410.921416
BTC,2020-02-21,9670.858654,9631.482559,9770.340692,9579.237409
BTC,2020-02-22,9689.086743,9696.533064,9724.336392,9575.054489
BTC,2020-02-23,9919.551448,9689.085992,10008.54047,9666.519497
BTC,2020-02-24,9640.469505,9921.048562,10008.37849,9480.185942
BTC,2020-02-25,9392.869629,9640.468562,9679.59509,9251.115834
BTC,2020-02-26,8787.978363,9392.868579,9393.864137,8626.935746
BTC,2020-02-27,8784.995352,8790.336853,8977.585565,8530.496379
BTC,2020-02-28,8778.470511,8818.102269,8904.126218,8459.695261
BTC,2020-02-29,8639.591417,8778.467316,8806.844965,8591.29254
BTC,2020-03-01,8548.948322,8639.592081,8747.725718,8412.723329
BTC,2020-03-02,8923.044398,8549.045999,8977.333203,8491.456295
BTC,2020-03-03,8791.112058,8916.73989,8919.263748,8652.809024
BTC,2020-03-04,8756.961062,8791.112073,8852.25666,8682.684594
BTC,2020-03-05,9078.578777,8756.962116,9172.138258,8745.992956
BTC,2020-03-06,9126.636822,9073.160134,9191.15034,9004.944712
BTC,2020-03-07,8925.213488,9126.888318,9204.672359,8858.647557
BTC,2020-03-08,8166.313894,8925.217518,8925.383039,8163.682472
BTC,2020-03-09,7875.750875,8166.313268,8256.125507,7625.189619
BTC,2020-03-10,7959.228274,7939.252823,8159.157919,7745.152079
BTC,2020-03-11,7955.306284,7959.233654,7984.602488,7591.897235
BTC,2020-03-12,5800.208905,7954.440008,7977.84368,5568.01669
BTC,2020-03-13,5672.681201,5803.794314,6013.252892,3867.091312
BTC,2020-03-14,5304.149952,5672.651113,5809.640296,5214.774302
BTC,2020-03-15,5355.187374,5304.149075,6115.834478,5076.862093
BTC,2020-03-16,4944.702336,5359.581995,5439.466703,4452.260545
BTC,2020-03-17,5465.582594,4944.692509,5558.129295,4921.203145
BTC,2020-03-18,5363.822853,5465.555261,5466.942335,5043.075092
BTC,2020-03-19,6301.063404,5363.81623,6428.780443,5274.927112
BTC,2020-03-20,6185.279839,6301.120291,6942.935268,5680.103282
BTC,2020-03-21,6187.05375,6176.205754,6470.354767,5883.754157
BTC,2020-03-22,5884.340133,6187.042146,6431.873162,5802.553402
BTC,2020-03-23,6455.454688,5829.352511,6620.858253,5694.198299
BTC,2020-03-24,6784.318011,6455.45065,6863.602196,6406.037439
BTC,2020-03-25,6706.985089,6784.325204,6981.720386,6488.111885
BTC,2020-03-26,6721.495392,6697.94832,6796.053701,6537.856462
BTC,2020-03-27,6682.780049,6718.084872,6865.541424,6597.307584
BTC,2020-03-28,6229.488343,6682.780622,6688.043277,6044.47511
BTC,2020-03-30,5922.489835,6229.49332,6284.272461,5879.777528
BTC,2020-03-31,6483.739446,5879.816836,6615.78648,5858.857935
BTC,2020-04-01,6446.421347,6483.617042,6533.064909,6344.633536
BTC,2020-04-02,6537.336462,6446.442667,6605.444456,6159.582451
BTC,2020-04-03,6850.558712,6537.68699,7212.725146,6519.934899
BTC,2020-04-04,6776.370094,6796.925196,7049.706366,6612.677956
BTC,2020-04-05,6855.933264,6772.007301,7003.126134,6664.610805
BTC,2020-04-06,6805.362287,6873.720048,6908.855128,6684.715732
BTC,2020-04-07,7278.24397,6809.004568,7319.978093,6775.111014
BTC,2020-04-08,7175.667477,7277.704282,7464.732245,7081.639209
BTC,2020-04-09,7367.293398,7175.669418,7424.743721,7155.211053
BTC,2020-04-10,7321.816614,7366.900961,7399.469133,7125.775519
BTC,2020-04-11,6866.398189,7321.815746,7325.324778,6752.593664
BTC,2020-04-12,6873.848495,6872.137266,6949.788875,6777.889694
BTC,2020-04-13,7043.438864,6873.848555,7201.990355,6797.779063
BTC,2020-04-14,6889.863772,7043.438893,7050.771025,6600.771494
BTC,2020-04-15,6887.554908,6889.863978,6991.326397,6772.322132
BTC,2020-04-16,6718.79995,6887.548898,6942.90708,6701.021116
BTC,2020-04-17,7166.582817,6628.975283,7178.765894,6486.531308
BTC,2020-04-18,7065.082389,7162.527231,7200.317209,6996.149109
BTC,2020-04-19,7277.140586,7065.066086,7301.814371,7029.015961
BTC,2020-04-20,7185.870303,7277.140654,7292.862985,7066.947185
BTC,2020-04-21,6856.146435,7185.870831,7221.915907,6764.430699
BTC,2020-04-22,6904.475773,6856.146426,6954.005137,6782.239371
BTC,2020-04-23,7118.388748,6904.476221,7165.520004,6831.947906
BTC,2020-04-24,7562.032832,7118.388915,7725.671699,7037.554845
BTC,2020-04-25,7497.861764,7556.01926,7608.311143,7407.266922
BTC,2020-04-26,7542.303401,7497.859881,7702.01898,7445.685898
BTC,2020-04-27,7624.853786,7542.303101,7707.594271,7503.770143
BTC,2020-04-28,7776.507543,7624.854338,7798.276656,7621.487082
BTC,2020-04-29,7761.758784,7788.574229,7793.636018,7677.178774
BTC,2020-04-30,8773.106488,7761.758619,8973.079277,7725.542654
BTC,2020-05-01,8767.672623,8768.04718,9469.078423,8415.47474
BTC,2020-05-02,8853.774484,8767.672143,9073.81753,8593.380363
BTC,2020-05-03,8963.057558,8850.788756,9037.341927,8780.037925
BTC,2020-05-04,8904.713817,9002.396916,9223.385534,8747.433419
BTC,2020-05-05,8887.505893,8904.559394,8968.532234,8539.511107
BTC,2020-05-06,8978.283587,8887.507473,9112.866151,8784.09959
BTC,2020-05-07,9371.684273,9032.183227,9392.635447,8927.777068
BTC,2020-05-08,9900.678867,9371.67997,9958.733998,9065.921045
BTC,2020-05-09,9917.248414,9903.830754,10062.71591,9732.806548
BTC,2020-05-10,9617.518195,9917.253174,9957.110928,9546.040993
BTC,2020-05-11,8786.655182,9616.377064,9650.018603,8166.492188
BTC,2020-05-12,8608.125245,8733.637943,9176.18639,8206.331505
BTC,2020-05-13,8815.231245,8608.119937,8980.624505,8509.564215
BTC,2020-05-14,9330.986485,8823.780831,9416.590183,8802.91656
BTC,2020-05-15,9757.296586,9330.985268,9940.956082,9273.416587
BTC,2020-05-16,9362.635557,9795.282556,9848.185361,9155.515351
BTC,2020-05-17,9418.918551,9362.636646,9583.062439,9219.362205
BTC,2020-05-18,9684.701959,9418.913715,9879.71204,9327.763833
BTC,2020-05-19,9723.68015,9673.836632,9933.976225,9523.848992
BTC,2020-05-20,9719.480854,9723.316993,9899.775994,9473.742266
BTC,2020-05-21,9540.886567,9719.254489,9834.557819,9332.915196
BTC,2020-05-22,9141.150637,9540.208922,9571.081815,8806.742839
BTC,2020-05-23,9192.845136,9139.890401,9265.2516,8934.380728
BTC,2020-05-24,9220.075887,9192.845255,9311.849338,9093.834315
BTC,2020-05-25,9048.715119,9219.746036,9301.179312,8856.470863
BTC,2020-05-26,8905.781605,9048.692372,9051.69296,8645.212548
BTC,2020-05-27,8835.727224,8905.746922,9010.897443,8707.124072
BTC,2020-05-28,9112.979176,8835.727224,9224.744965,8820.549193
BTC,2020-05-29,9507.524665,9113.177836,9523.457474,9008.05845
BTC,2020-05-30,9425.281869,9507.563792,9621.613231,9335.814886
BTC,2020-05-31,9688.32439,9434.033792,9732.943979,9334.912832
BTC,2020-06-01,9427.670084,9688.539932,9698.140854,9394.275387
BTC,2020-06-02,10268.58198,9427.232535,10357.78917,9417.354212
BTC,2020-06-03,9516.135443,10268.23188,10292.7031,9298.92095
BTC,2020-06-04,9667.060754,9516.379828,9680.206444,9406.971187
BTC,2020-06-05,9811.367095,9667.085402,9875.662127,9472.251048
BTC,2020-06-06,9659.661298,9811.829378,9860.231447,9619.617459
BTC,2020-06-07,9677.050995,9659.053118,9736.271128,9542.773398
BTC,2020-06-08,9737.458559,9677.050684,9804.446487,9392.842926
BTC,2020-06-09,9791.9279,9737.457447,9803.573516,9652.310114
BTC,2020-06-10,9786.14202,9790.073884,9870.519387,9610.024354
BTC,2020-06-11,9874.967048,9787.914131,9979.715526,9711.85958
BTC,2020-06-12,9260.832641,9875.014214,9962.180331,9108.473046
BTC,2020-06-13,9464.228097,9261.481444,9558.770602,9238.389181
BTC,2020-06-14,9458.659754,9464.086079,9492.899884,9359.847047
BTC,2020-06-15,9351.953728,9458.659753,9481.697453,9250.032408
BTC,2020-06-16,9441.768996,9351.605477,9498.609999,8910.198265
BTC,2020-06-17,9510.660637,9442.016988,9595.222935,9380.74608
BTC,2020-06-18,9457.627074,9510.641266,9557.46842,9240.646056
BTC,2020-06-19,9398.642094,9457.464837,9480.374487,9276.427094
BTC,2020-06-20,9279.760765,9398.685603,9427.177661,9236.657272
BTC,2020-06-21,9353.078196,9278.469146,9391.025094,9178.382279
BTC,2020-06-22,9289.104491,9353.078187,9412.648505,9278.923226
BTC,2020-06-23,9680.947128,9288.60316,9775.102839,9272.796157
BTC,2020-06-24,9609.680246,9680.947129,9720.765241,9576.910848
BTC,2020-06-25,9311.136318,9609.680246,9678.98608,9206.958895
BTC,2020-06-26,9252.633372,9310.989646,9333.346057,9002.374468
BTC,2020-06-27,9171.732086,9252.684713,9292.245367,9046.231365
BTC,2020-06-28,9022.153768,9171.554012,9192.768265,8843.317702
BTC,2020-06-29,9101.850057,9022.012126,9190.117478,8949.755974
BTC,2020-06-30,9188.061375,9101.877703,9233.529361,9032.435483
BTC,2020-07-01,9148.444859,9188.037401,9201.648794,9067.19084
BTC,2020-07-02,9236.31677,9141.34826,9300.998983,9096.778646
BTC,2020-07-03,9097.797366,9240.169628,9267.123022,8957.632801
BTC,2020-07-04,9094.324561,9097.683628,9132.985825,9065.858012
BTC,2020-07-05,9124.653534,9067.937487,9190.818987,9051.870726
BTC,2020-07-06,9055.464483,9141.07507,9149.765584,8919.762981
BTC,2020-07-07,9278.805637,9078.614127,9356.327421,9063.727627
BTC,2020-07-08,9244.415815,9344.987626,9374.083533,9216.518048
BTC,2020-07-09,9471.759973,9262.805251,9472.080067,9239.543297
BTC,2020-07-10,9236.143254,9444.728112,9449.911243,9173.165154
BTC,2020-07-11,9243.175259,9239.473351,9260.349785,9133.962338
BTC,2020-07-12,9229.859755,9289.580029,9304.962551,9190.032623
BTC,2020-07-13,9286.737042,9243.766253,9349.001062,9170.73536
BTC,2020-07-14,9238.993755,9310.395069,9339.806986,9206.291978
BTC,2020-07-15,9260.47098,9241.763724,9279.093222,9125.214524
BTC,2020-07-16,9211.026433,9261.511425,9275.45244,9167.649721
BTC,2020-07-17,9133.77783,9192.623666,9219.426492,9048.084922
BTC,2020-07-18,9160.410591,9132.454747,9186.96179,9085.977619
BTC,2020-07-19,9176.68639,9159.369281,9212.520944,9130.022301
BTC,2020-07-20,9190.271534,9182.914419,9197.726524,9117.058699
BTC,2020-07-21,9172.588333,9213.358566,9223.07652,9152.280649
BTC,2020-07-22,9395.064446,9166.298231,9445.579319,9159.972579
BTC,2020-07-23,9530.790885,9399.730238,9551.996412,9313.812944
BTC,2020-07-24,9617.377861,9534.116269,9681.909452,9452.744476
BTC,2020-07-25,9568.974726,9617.389459,9646.957118,9479.577351
BTC,2020-07-26,9708.94914,9557.065314,9746.556096,9546.032528
BTC,2020-07-27,9938.951223,9714.685123,10135.88216,9670.416834
BTC,2020-07-28,11187.77973,9940.111573,11394.84875,9930.83996
BTC,2020-07-29,10939.67014,11040.79047,11254.55134,10580.1286
BTC,2020-07-30,11284.45899,10930.45278,11318.0871,10852.88097
BTC,2020-07-31,11118.91841,11118.88858,11180.43064,10847.20085
BTC,2020-08-01,11373.31726,11112.42116,11467.95059,10980.82391
BTC,2020-08-02,11766.7483,11352.71504,11880.77364,11241.97677
BTC,2020-08-03,11139.09838,11820.51291,12117.67708,10658.94608
BTC,2020-08-04,11261.80633,11071.26711,11480.28338,10956.56291
BTC,2020-08-05,11228.02632,11237.22451,11400.06419,11045.96842
BTC,2020-08-06,11653.40759,11196.28746,11791.10323,11107.1352
BTC,2020-08-07,11796.81736,11756.89486,11917.76504,11581.57513
BTC,2020-08-08,11639.93541,11780.04401,11917.85915,11347.41279
BTC,2020-08-09,11744.91208,11610.9087,11814.95666,11543.3477
BTC,2020-08-10,11673.12324,11770.45097,11802.66293,11536.75286
BTC,2020-08-11,11832.22731,11693.17945,12070.44182,11546.95776
BTC,2020-08-12,11340.58234,11903.3335,11941.6518,11137.81368
BTC,2020-08-13,11549.54631,11399.06848,11626.23784,11166.54478
BTC,2020-08-14,11752.16866,11571.10263,11795.43575,11287.64679
BTC,2020-08-15,11783.28341,11789.95953,11867.28291,11663.41146
BTC,2020-08-16,11895.62695,11782.78559,11987.65155,11714.58902
BTC,2020-08-17,11896.94717,11862.38742,11938.8761,11705.49261
BTC,2020-08-18,12399.11188,11916.58022,12476.69704,11778.30371
BTC,2020-08-19,12071.73891,12299.81621,12391.84071,11840.39237
BTC,2020-08-20,11749.82951,11959.02939,12029.75799,11589.5762
BTC,2020-08-21,11833.89735,11766.18313,11899.96341,11690.15508
BTC,2020-08-22,11583.13894,11866.28401,11890.03166,11525.26123
BTC,2020-08-23,11674.62435,11539.71729,11694.47049,11393.21033
BTC,2020-08-24,11666.41012,11677.05824,11726.23458,11539.08981
BTC,2020-08-25,11744.0127,11660.39682,11835.35928,11601.74066
BTC,2020-08-26,11378.72603,11759.3614,11771.3353,11133.16876
BTC,2020-08-27,11458.8226,11334.03573,11546.20239,11265.22814
BTC,2020-08-28,11302.12096,11467.29065,11594.64626,11157.08574
BTC,2020-08-29,11482.22569,11339.74802,11553.53918,11294.18591
BTC,2020-08-30,11515.04443,11540.72864,11586.30657,11435.40076
BTC,2020-08-31,11657.00393,11483.12875,11694.6708,11476.07202
BTC,2020-09-01,11678.37326,11712.97262,11799.52944,11579.88329
BTC,2020-09-02,11964.20867,11661.42734,12070.22741,11544.42003
BTC,2020-09-03,11427.7026,11923.19964,11954.16268,11217.45383
BTC,2020-09-04,10712.92065,11409.72633,11470.80702,10505.14681
BTC,2020-09-05,10563.89694,10177.72164,10644.24117,10118.71861
BTC,2020-09-06,10042.85485,10470.02669,10574.30731,9894.2254
BTC,2020-09-07,10207.605,10174.86343,10355.65249,10014.27766
BTC,2020-09-08,10381.77611,10265.74299,10383.11924,9891.734243
BTC,2020-09-09,10043.19644,10381.67682,10444.17113,9868.937984
BTC,2020-09-10,10268.46092,10136.56084,10352.41519,9989.510556
BTC,2020-09-11,10341.01598,10230.63553,10483.56121,10224.03739
BTC,2020-09-12,10380.5396,10347.66121,10403.75568,10214.66973
BTC,2020-09-13,10436.36541,10400.85545,10484.8759,10286.42747
BTC,2020-09-14,10313.06858,10450.94952,10585.88066,10226.42392
BTC,2020-09-15,10680.29756,10337.71258,10759.1361,10281.58014
BTC,2020-09-16,10829.50531,10683.00291,10944.65131,10636.18826
BTC,2020-09-17,11033.38353,10792.31023,11103.79648,10683.79026
BTC,2020-09-18,10937.11126,10966.38648,11061.28463,10762.41738
BTC,2020-09-19,10933.93116,10947.23137,11035.0532,10830.85247
BTC,2020-09-20,11048.87928,10940.13447,11180.39531,10904.19962
BTC,2020-09-21,10852.91014,11085.429,11085.429,10773.33219
BTC,2020-09-22,10526.20289,10925.51079,10991.69454,10322.59482
BTC,2020-09-23,10531.16456,10423.27155,10579.30131,10371.91657
BTC,2020-09-24,10260.03301,10536.31722,10541.16888,10209.06313
BTC,2020-09-25,10672.95681,10241.16589,10712.49925,10200.88278
BTC,2020-09-26,10729.06961,10736.65234,10759.7111,10569.43458
BTC,2020-09-27,10741.47647,10692.46427,10777.57591,10657.52315
BTC,2020-09-28,10752.34545,10734.50124,10802.37407,10599.58841
BTC,2020-09-29,10863.06572,10776.30436,10948.06266,10776.30436
BTC,2020-09-30,10764.28437,10691.97856,10793.60349,10640.69415
BTC,2020-10-01,10741.57955,10843.38826,10849.73073,10672.79503
BTC,2020-10-02,10626.60096,10778.89849,10931.6335,10470.69372
BTC,2020-10-03,10567.3302,10624.91072,10670.71056,10386.91138
BTC,2020-10-04,10555.02868,10578.91957,10609.23748,10512.33934
BTC,2020-10-05,10660.61118,10559.31466,10702.51138,10535.82272
BTC,2020-10-06,10756.40458,10672.16544,10770.46301,10630.95649
BTC,2020-10-07,10589.62639,10793.15206,10798.98132,10543.48911
BTC,2020-10-08,10645.75479,10600.66078,10680.64123,10554.84167
BTC,2020-10-09,10897.59543,10669.07004,10949.34337,10544.3758
BTC,2020-10-10,11052.39508,10929.59262,11106.33446,10843.4743
BTC,2020-10-11,11360.85272,11059.81357,11484.16448,11058.74049
BTC,2020-10-12,11334.02674,11293.20701,11436.21148,11282.50356
BTC,2020-10-13,11666.2117,11372.10996,11723.64386,11210.86134
BTC,2020-10-14,11443.73279,11534.60957,11564.64006,11333.53492
BTC,2020-10-15,11395.54737,11431.09404,11540.06492,11302.77704
BTC,2020-10-16,11504.54901,11433.45754,11610.2504,11291.89809
BTC,2020-10-17,11355.16044,11511.9022,11544.48601,11227.07106
BTC,2020-10-18,11358.70638,11329.99473,11410.16368,11282.94789
BTC,2020-10-19,11471.00255,11368.41235,11486.98541,11356.17416
BTC,2020-10-20,11776.593,11514.6451,11825.64774,11419.08229
BTC,2020-10-21,11936.36291,11754.18203,11993.92588,11693.78394
BTC,2020-10-22,13102.93446,11920.41139,13109.16597,11900.21384
BTC,2020-10-23,13140.66928,12801.68807,13192.25287,12697.45705
BTC,2020-10-24,12933.82357,12980.8801,13029.96389,12731.05779
BTC,2020-10-25,13008.45326,12929.8494,13342.75028,12877.93801
BTC,2020-10-26,13033.52427,13038.91554,13243.9959,12811.54603
BTC,2020-10-27,13721.28222,13069.23614,13756.3317,13062.40879
BTC,2020-10-28,13282.26035,13647.57292,13847.53352,12894.89932
BTC,2020-10-29,13467.73178,13280.36559,13640.13894,12994.98437
BTC,2020-10-30,13573.7105,13461.38352,13667.74723,13134.48008
BTC,2020-10-31,13891.21683,13574.92722,14093.05295,13438.93538
BTC,2020-11-01,13730.19731,13810.64198,13907.31295,13641.54034
BTC,2020-11-02,13633.69822,13768.95676,13837.85118,13270.20734
BTC,2020-11-03,13832.93841,13565.13068,13842.47454,13301.61195
BTC,2020-11-04,14163.97682,14014.73488,14257.52971,13582.4022
BTC,2020-11-05,15424.52768,14156.60864,15494.57817,14104.90209
BTC,2020-11-06,15540.59659,15607.5055,15971.64142,15202.76451
BTC,2020-11-07,14783.98168,15603.25854,15764.1047,14330.68183
BTC,2020-11-08,15500.33425,14820.43647,15657.12904,14711.54819
BTC,2020-11-09,15283.78014,15481.90608,15810.77379,14845.79176
BTC,2020-11-10,15374.04439,15327.58839,15448.41275,15092.3898
BTC,2020-11-11,15820.49524,15316.74901,15973.07608,15294.29332
BTC,2020-11-12,16253.31027,15701.8651,16348.4628,15474.76108
BTC,2020-11-13,16347.04492,16302.8428,16487.48815,15971.1428
BTC,2020-11-14,15991.83302,16329.79889,16333.51314,15718.88879
BTC,2020-11-15,15918.08013,16078.97001,16167.39692,15792.77908
BTC,2020-11-16,16752.00299,15969.51601,16885.58019,15881.70385
BTC,2020-11-17,17593.48641,16718.59966,17831.23118,16560.99963
BTC,2020-11-18,17834.63653,17672.65284,18358.97625,17283.49485
BTC,2020-11-19,17954.85801,17786.21258,18170.83027,17381.23626
BTC,2020-11-20,18612.87067,17823.3433,18813.40769,17762.92882
BTC,2020-11-21,18591.8566,18666.58022,18964.64351,18368.28996
BTC,2020-11-22,18629.99554,18683.8472,18732.99132,17806.2676
BTC,2020-11-23,18469.20047,18405.5557,18752.16004,17990.11089
BTC,2020-11-24,19045.73647,18370.21961,19392.90868,18059.26543
BTC,2020-11-25,18746.93481,19136.08297,19391.46366,18640.64218
BTC,2020-11-26,17187.40628,18719.20716,18908.63553,16242.70294
BTC,2020-11-27,17023.9614,17180.71873,17482.2001,16489.30267
BTC,2020-11-28,17814.78028,17159.1095,17901.38262,16906.1761
BTC,2020-11-29,18114.41435,17742.82304,18356.31323,17545.19622
BTC,2020-11-30,19382.36059,18201.27725,19850.11449,18201.27725
BTC,2020-12-01,18980.97745,19677.98984,19920.53426,18171.75051
BTC,2020-12-02,19184.89785,18796.74864,19357.16459,18360.23172
BTC,2020-12-03,19464.5317,19220.59015,19607.85534,18899.48869
BTC,2020-12-04,18813.12476,19441.5588,19539.86235,18717.12493
BTC,2020-12-05,19045.02027,18668.15855,19200.79191,18518.85142
BTC,2020-12-06,19113.9334,19162.26446,19347.62491,18927.29956
BTC,2020-12-07,19107.5998,19373.44523,19433.09749,18931.5713
BTC,2020-12-08,18682.45783,19177.92617,19299.04708,18630.74248
BTC,2020-12-09,18543.00705,18320.23313,18618.96013,17640.56207
BTC,2020-12-10,18359.4766,18557.45291,18565.21617,17904.06899
BTC,2020-12-11,18137.31937,18255.77375,18293.55273,17593.1721
BTC,2020-12-12,18882.26017,18040.17062,18956.34444,18029.14317
BTC,2020-12-13,19060.2769,18822.50994,19408.67465,18726.84709
BTC,2020-12-14,19251.224,19161.13847,19323.16531,19015.68597
BTC,2020-12-15,19443.47635,19264.6703,19552.37198,19053.34247
BTC,2020-12-16,21310.65626,19433.14137,21447.52385,19293.29896
BTC,2020-12-17,22895.97624,21351.25481,23770.84657,21248.36533
BTC,2020-12-18,23008.77626,22819.5589,23261.25288,22357.60765
BTC,2020-12-19,23890.82265,23126.60677,24122.67327,22781.87678
BTC,2020-12-20,23537.36989,23829.2848,24273.0415,23085.95477
BTC,2020-12-21,23177.271,23476.0875,24081.05309,21960.19135
BTC,2020-12-22,23433.98076,22729.65929,23629.40446,22384.12785
BTC,2020-12-23,23224.45414,23791.56529,24086.95066,22644.56106
BTC,2020-12-24,23623.88553,23228.90909,23737.75715,22716.17417
BTC,2020-12-25,24581.00617,23726.191,24627.29791,23422.31033
BTC,2020-12-26,26381.29623,24708.20678,26750.87995,24497.41087
BTC,2020-12-27,26389.29026,26447.70807,28352.62782,25759.06861
BTC,2020-12-28,26718.02946,26226.06613,27447.55138,26046.62558
BTC,2020-12-29,26975.72956,27038.73568,27169.22556,25875.04979
BTC,2020-12-30,28768.83621,27349.32723,28928.21439,27349.2832
BTC,2020-12-31,29111.52157,28872.82977,29280.04533,27916.62506
BTC,2021-01-01,29333.60512,28935.81098,29601.5949,28753.41231
BTC,2021-01-02,32154.16736,29353.64061,33064.67353,29012.92789
BTC,2021-01-03,33002.53643,32074.10661,34452.08034,31885.58162
